{
  "version": 1,
  "author": "Kyouma",
  "editor": "wokwi",
  "parts": [
    { "type": "wokwi-esp32-devkit-v1", "id": "esp", "top": -14.5, "left": -5, "attrs": {} },
    { "type": "wokwi-hc-sr04", "id": "ultrasonic1", "top": -113.7, "left": -234.5, "attrs": {} },
    {
      "type": "board-ssd1306",
      "id": "oled1",
      "top": -6.46,
      "left": 153.83,
      "attrs": { "i2cAddress": "0x3c" }
    }
  ],
  "connections": [
    [ "esp:TX0", "$serialMonitor:RX", "", [] ],
    [ "esp:RX0", "$serialMonitor:TX", "", [] ],
    [ "oled1:VCC", "esp:3V3", "red", [ "v0" ] ],
    [ "oled1:GND", "esp:GND.1", "black", [ "v0" ] ],
    [ "oled1:SCL", "esp:D22", "green", [ "v0" ] ],
    [ "esp:D21", "oled1:SDA", "green", [ "h0" ] ],
    [ "ultrasonic1:VCC", "esp:VIN", "red", [ "v0" ] ],
    [ "ultrasonic1:GND", "esp:GND.2", "black", [ "v0" ] ],
    [ "esp:D18", "ultrasonic1:ECHO", "green", [ "h0" ] ],
    [ "esp:D5", "ultrasonic1:TRIG", "green", [ "h0" ] ]
  ],
  "dependencies": {}
}