{
  "version": 1,
  "author": "Kyouma",
  "editor": "wokwi",
  "parts": [
    { "type": "wokwi-esp32-devkit-v1", "id": "esp", "top": -14.5, "left": -5, "attrs": {} },
    {
      "type": "wokwi-buzzer",
      "id": "bz1",
      "top": -160.8,
      "left": -180.6,
      "attrs": { "volume": "0.1" }
    },
    { "type": "wokwi-led", "id": "led1", "top": -51.6, "left": -121, "attrs": { "color": "red" } },
    { "type": "wokwi-dht22", "id": "dht1", "top": -162.9, "left": 196.2, "attrs": {} }
  ],
  "connections": [
    [ "esp:TX0", "$serialMonitor:RX", "", [] ],
    [ "esp:RX0", "$serialMonitor:TX", "", [] ],
    [ "led1:C", "esp:GND.2", "black", [ "v0" ] ],
    [ "led1:A", "esp:D13", "green", [ "v0" ] ],
    [ "bz1:2", "esp:D13", "green", [ "v0" ] ],
    [ "bz1:1", "esp:GND.2", "green", [ "v0" ] ],
    [ "dht1:GND", "esp:GND.1", "black", [ "v-19.2", "h-9.6" ] ],
    [ "dht1:VCC", "esp:3V3", "red", [ "v0" ] ],
    [ "dht1:SDA", "esp:D15", "green", [ "v0" ] ]
  ],
  "dependencies": {}
}