{
  "version": 1,
  "author": "Annisa Zakkya",
  "editor": "wokwi",
  "parts": [
    { "type": "board-esp32-devkit-c-v4", "id": "esp", "top": 0, "left": 0, "attrs": {} },
    { "type": "wokwi-led", "id": "led1", "top": 44.4, "left": 128.6, "attrs": { "color": "red" } },
    { "type": "wokwi-led", "id": "led2", "top": 44.4, "left": 167, "attrs": { "color": "green" } },
    {
      "type": "wokwi-led",
      "id": "led3",
      "top": 44.4,
      "left": 205.4,
      "attrs": { "color": "blue" }
    }
  ],
  "connections": [
    [ "esp:TX", "$serialMonitor:RX", "", [] ],
    [ "esp:RX", "$serialMonitor:TX", "", [] ],
    [ "led1:C", "led2:C", "black", [ "v9.6", "h38.8" ] ],
    [ "led3:C", "led2:C", "black", [ "v9.6", "h-38" ] ],
    [ "esp:GND.3", "led1:C", "black", [ "h0" ] ],
    [ "led1:A", "esp:16", "red", [ "v0" ] ],
    [ "led2:A", "esp:4", "green", [ "v0" ] ],
    [ "led3:A", "esp:5", "blue", [ "v0" ] ]
  ],
  "dependencies": {}
}